,uri,full_uri,layer_size,platform,arch,digest,os,schema_version
0,ghcr.io/converged-computing/metric-minife,ghcr.io/converged-computing/metric-minife:cpu-zen4,30439866,{},unknown,sha256:9b857f539cb142c9aa2201a17bb8e1cd5cf12edd4a65adf5732fe9f4343964cf,unknown,2
1,ghcr.io/converged-computing/metric-minife,ghcr.io/converged-computing/metric-minife:cpu-zen4,183284920,{},unknown,sha256:95a092ea8938db7729849304b60d98287aa6d3a28cd8144076922768419c9e3d,unknown,2
2,ghcr.io/converged-computing/metric-minife,ghcr.io/converged-computing/metric-minife:cpu-zen4,129858404,{},unknown,sha256:e8081507e9ee9e6ed8309c389855b80804a53df0f11d5c398336a739fffdcf4d,unknown,2
3,ghcr.io/converged-computing/metric-minife,ghcr.io/converged-computing/metric-minife:cpu-zen4,55517828,{},unknown,sha256:dceea02ba2fcf86c1fcb65fa979f7f6803bce48bb6a6da480902e1b0bf49ebc5,unknown,2
4,ghcr.io/converged-computing/metric-minife,ghcr.io/converged-computing/metric-minife:cpu-zen4,29483910,{},unknown,sha256:ca850bcd26f19c921f3de967874d93f9bce86ee377361868f578f810505c2837,unknown,2
5,ghcr.io/converged-computing/metric-minife,ghcr.io/converged-computing/metric-minife:cpu-zen4,18091250,{},unknown,sha256:9724542825ebd75991ca5bda727e385c980a76b90f993869a5758bc1a661ec15,unknown,2
6,ghcr.io/converged-computing/metric-minife,ghcr.io/converged-computing/metric-minife:cpu-zen4,865749,{},unknown,sha256:01fce0fdee101dd9891da45c5bba20166aa3c5603dc2d50309395dd72ce9965c,unknown,2
7,ghcr.io/converged-computing/metric-minife,ghcr.io/converged-computing/metric-minife:cpu-zen4,615472,{},unknown,sha256:fc76be393226c0238cbc122408b45b4fbff5cabf17d369d8f0be9d3396f30d31,unknown,2
8,ghcr.io/converged-computing/metric-minife,ghcr.io/converged-computing/metric-minife:cpu-zen4,112,{},unknown,sha256:286e2e7eb7bf8eede8a9d744b09267442d17bf93b8a57f7c34bbe6724973e40e,unknown,2
9,ghcr.io/converged-computing/metric-minife,ghcr.io/converged-computing/metric-minife:cpu-zen4,1920507,{},unknown,sha256:6d34600ecb03b0fb05a2230614d226821a915ca26db9f94f200c8b78feccec80,unknown,2
10,ghcr.io/converged-computing/metric-minife,ghcr.io/converged-computing/metric-minife:cpu-zen4,32,{},unknown,sha256:4f4fb700ef54461cfa02571ae0db9a0dc1e0cdb5577484a6d75e68dc38e8acc1,unknown,2
11,ghcr.io/converged-computing/metric-minife,ghcr.io/converged-computing/metric-minife:cpu-zen4,339030,{},unknown,sha256:d05441776846837e8a7a0cfa312ed16c563dc1bc0e6bfb0d953f9c22661ad15a,unknown,2
12,ghcr.io/converged-computing/metric-minife,ghcr.io/converged-computing/metric-minife:cpu-zen4,1276,{},unknown,sha256:113b6a270881e7340ab04ab9eca18c1733e258cfcc0a3a35443f365466474716,unknown,2
13,ghcr.io/converged-computing/metric-minife,ghcr.io/converged-computing/metric-minife:cpu-zen4,97764593,{},unknown,sha256:29d120eac74001475a89d6a4503379c6995ab1619a899af38ceb7226162151df,unknown,2
14,ghcr.io/converged-computing/metric-minife,ghcr.io/converged-computing/metric-minife:cpu-zen4,37807546,{},unknown,sha256:ad6099fb8303524f19a12317ac0f2f26062d3c78a7a197b9c656cd6807a6807e,unknown,2
15,ghcr.io/converged-computing/metric-minife,ghcr.io/converged-computing/metric-minife:cpu-zen4,22336572,{},unknown,sha256:c2f3679a139fff8c42e476b78d6507f93ab5c28757bddf2e78b1e25cb4b4ea1a,unknown,2
16,ghcr.io/converged-computing/metric-minife,ghcr.io/converged-computing/metric-minife:cpu-zen4,92648800,{},unknown,sha256:79ee6d9f2394ebfd1edd1bb857c84140e54dae9da355ade9e2894e6257c32a5f,unknown,2
17,ghcr.io/converged-computing/metric-minife,ghcr.io/converged-computing/metric-minife:cpu-zen4,119074957,{},unknown,sha256:9718581ee9eb86704dc9eec1c2307c91f547da2300b3a51aa118fc7e3253c989,unknown,2
18,ghcr.io/converged-computing/metric-minife,ghcr.io/converged-computing/metric-minife:cpu-zen4,14030477,{},unknown,sha256:95f6de7966202940d7e1955b52f2ab0910df4e703bd1a8b4d8cf5eb436fb04e6,unknown,2
19,ghcr.io/converged-computing/metric-minife,ghcr.io/converged-computing/metric-minife:cpu-zen4,32,{},unknown,sha256:4f4fb700ef54461cfa02571ae0db9a0dc1e0cdb5577484a6d75e68dc38e8acc1,unknown,2
20,ghcr.io/converged-computing/metric-minife,ghcr.io/converged-computing/metric-minife:cpu-zen4,61689193,{},unknown,sha256:31d1c51af66fca08b49f7f6ffaa44c6c1ceecd7751d621e1d259b1ea585764cc,unknown,2
21,ghcr.io/converged-computing/metric-minife,ghcr.io/converged-computing/metric-minife:cpu-zen4,32,{},unknown,sha256:4f4fb700ef54461cfa02571ae0db9a0dc1e0cdb5577484a6d75e68dc38e8acc1,unknown,2
22,ghcr.io/converged-computing/metric-minife,ghcr.io/converged-computing/metric-minife:cpu-zen4,3536857,{},unknown,sha256:71f519cfd4b75e727a9439765c2835a1102e34902f5cea785c26d8587723b2fe,unknown,2
23,ghcr.io/converged-computing/metric-minife,ghcr.io/converged-computing/metric-minife:cpu-zen4,260595,{},unknown,sha256:560fbae719f8738fa2f921fa9df1050c17200d6f1eaeda449f77b36fd6bb32a6,unknown,2
24,ghcr.io/converged-computing/metric-minife,ghcr.io/converged-computing/metric-minife:cpu-zen4,32,{},unknown,sha256:4f4fb700ef54461cfa02571ae0db9a0dc1e0cdb5577484a6d75e68dc38e8acc1,unknown,2
25,ghcr.io/converged-computing/metric-minife,ghcr.io/converged-computing/metric-minife:cpu-zen4,3738710,{},unknown,sha256:8bcbb4945be6814903d6a84cf1160f937d719904d82f8451128c263203825dd4,unknown,2
26,ghcr.io/converged-computing/metric-quicksilver-cpu,ghcr.io/converged-computing/metric-quicksilver-cpu:zen4,30439866,{},unknown,sha256:9b857f539cb142c9aa2201a17bb8e1cd5cf12edd4a65adf5732fe9f4343964cf,unknown,2
27,ghcr.io/converged-computing/metric-quicksilver-cpu,ghcr.io/converged-computing/metric-quicksilver-cpu:zen4,183284920,{},unknown,sha256:95a092ea8938db7729849304b60d98287aa6d3a28cd8144076922768419c9e3d,unknown,2
28,ghcr.io/converged-computing/metric-quicksilver-cpu,ghcr.io/converged-computing/metric-quicksilver-cpu:zen4,129858404,{},unknown,sha256:e8081507e9ee9e6ed8309c389855b80804a53df0f11d5c398336a739fffdcf4d,unknown,2
29,ghcr.io/converged-computing/metric-quicksilver-cpu,ghcr.io/converged-computing/metric-quicksilver-cpu:zen4,55517828,{},unknown,sha256:dceea02ba2fcf86c1fcb65fa979f7f6803bce48bb6a6da480902e1b0bf49ebc5,unknown,2
30,ghcr.io/converged-computing/metric-quicksilver-cpu,ghcr.io/converged-computing/metric-quicksilver-cpu:zen4,29483910,{},unknown,sha256:ca850bcd26f19c921f3de967874d93f9bce86ee377361868f578f810505c2837,unknown,2
31,ghcr.io/converged-computing/metric-quicksilver-cpu,ghcr.io/converged-computing/metric-quicksilver-cpu:zen4,18091250,{},unknown,sha256:9724542825ebd75991ca5bda727e385c980a76b90f993869a5758bc1a661ec15,unknown,2
32,ghcr.io/converged-computing/metric-quicksilver-cpu,ghcr.io/converged-computing/metric-quicksilver-cpu:zen4,865749,{},unknown,sha256:01fce0fdee101dd9891da45c5bba20166aa3c5603dc2d50309395dd72ce9965c,unknown,2
33,ghcr.io/converged-computing/metric-quicksilver-cpu,ghcr.io/converged-computing/metric-quicksilver-cpu:zen4,615472,{},unknown,sha256:fc76be393226c0238cbc122408b45b4fbff5cabf17d369d8f0be9d3396f30d31,unknown,2
34,ghcr.io/converged-computing/metric-quicksilver-cpu,ghcr.io/converged-computing/metric-quicksilver-cpu:zen4,112,{},unknown,sha256:286e2e7eb7bf8eede8a9d744b09267442d17bf93b8a57f7c34bbe6724973e40e,unknown,2
35,ghcr.io/converged-computing/metric-quicksilver-cpu,ghcr.io/converged-computing/metric-quicksilver-cpu:zen4,1920507,{},unknown,sha256:6d34600ecb03b0fb05a2230614d226821a915ca26db9f94f200c8b78feccec80,unknown,2
36,ghcr.io/converged-computing/metric-quicksilver-cpu,ghcr.io/converged-computing/metric-quicksilver-cpu:zen4,32,{},unknown,sha256:4f4fb700ef54461cfa02571ae0db9a0dc1e0cdb5577484a6d75e68dc38e8acc1,unknown,2
37,ghcr.io/converged-computing/metric-quicksilver-cpu,ghcr.io/converged-computing/metric-quicksilver-cpu:zen4,339030,{},unknown,sha256:d05441776846837e8a7a0cfa312ed16c563dc1bc0e6bfb0d953f9c22661ad15a,unknown,2
38,ghcr.io/converged-computing/metric-quicksilver-cpu,ghcr.io/converged-computing/metric-quicksilver-cpu:zen4,1276,{},unknown,sha256:113b6a270881e7340ab04ab9eca18c1733e258cfcc0a3a35443f365466474716,unknown,2
39,ghcr.io/converged-computing/metric-quicksilver-cpu,ghcr.io/converged-computing/metric-quicksilver-cpu:zen4,97764593,{},unknown,sha256:29d120eac74001475a89d6a4503379c6995ab1619a899af38ceb7226162151df,unknown,2
40,ghcr.io/converged-computing/metric-quicksilver-cpu,ghcr.io/converged-computing/metric-quicksilver-cpu:zen4,37807546,{},unknown,sha256:ad6099fb8303524f19a12317ac0f2f26062d3c78a7a197b9c656cd6807a6807e,unknown,2
41,ghcr.io/converged-computing/metric-quicksilver-cpu,ghcr.io/converged-computing/metric-quicksilver-cpu:zen4,22336572,{},unknown,sha256:c2f3679a139fff8c42e476b78d6507f93ab5c28757bddf2e78b1e25cb4b4ea1a,unknown,2
42,ghcr.io/converged-computing/metric-quicksilver-cpu,ghcr.io/converged-computing/metric-quicksilver-cpu:zen4,92648800,{},unknown,sha256:79ee6d9f2394ebfd1edd1bb857c84140e54dae9da355ade9e2894e6257c32a5f,unknown,2
43,ghcr.io/converged-computing/metric-quicksilver-cpu,ghcr.io/converged-computing/metric-quicksilver-cpu:zen4,119074957,{},unknown,sha256:9718581ee9eb86704dc9eec1c2307c91f547da2300b3a51aa118fc7e3253c989,unknown,2
44,ghcr.io/converged-computing/metric-quicksilver-cpu,ghcr.io/converged-computing/metric-quicksilver-cpu:zen4,14030477,{},unknown,sha256:95f6de7966202940d7e1955b52f2ab0910df4e703bd1a8b4d8cf5eb436fb04e6,unknown,2
45,ghcr.io/converged-computing/metric-quicksilver-cpu,ghcr.io/converged-computing/metric-quicksilver-cpu:zen4,32,{},unknown,sha256:4f4fb700ef54461cfa02571ae0db9a0dc1e0cdb5577484a6d75e68dc38e8acc1,unknown,2
46,ghcr.io/converged-computing/metric-quicksilver-cpu,ghcr.io/converged-computing/metric-quicksilver-cpu:zen4,61689193,{},unknown,sha256:31d1c51af66fca08b49f7f6ffaa44c6c1ceecd7751d621e1d259b1ea585764cc,unknown,2
47,ghcr.io/converged-computing/metric-quicksilver-cpu,ghcr.io/converged-computing/metric-quicksilver-cpu:zen4,32,{},unknown,sha256:4f4fb700ef54461cfa02571ae0db9a0dc1e0cdb5577484a6d75e68dc38e8acc1,unknown,2
48,ghcr.io/converged-computing/metric-quicksilver-cpu,ghcr.io/converged-computing/metric-quicksilver-cpu:zen4,32,{},unknown,sha256:4f4fb700ef54461cfa02571ae0db9a0dc1e0cdb5577484a6d75e68dc38e8acc1,unknown,2
49,ghcr.io/converged-computing/metric-quicksilver-cpu,ghcr.io/converged-computing/metric-quicksilver-cpu:zen4,3941,{},unknown,sha256:2bbd847c40de68ecb4664a9046eb35d756d3ec9edaf124672bb91a46e9760303,unknown,2
50,ghcr.io/converged-computing/metric-quicksilver-cpu,ghcr.io/converged-computing/metric-quicksilver-cpu:zen4,316358,{},unknown,sha256:84445293e39229ad027c281c9d43773fe888182785228f373dfd19a056d0a42f,unknown,2
51,ghcr.io/converged-computing/metric-quicksilver-cpu,ghcr.io/converged-computing/metric-quicksilver-cpu:zen4,32,{},unknown,sha256:4f4fb700ef54461cfa02571ae0db9a0dc1e0cdb5577484a6d75e68dc38e8acc1,unknown,2
52,ghcr.io/converged-computing/metric-quicksilver-cpu,ghcr.io/converged-computing/metric-quicksilver-cpu:zen4,8965825,{},unknown,sha256:672e9bca7d649fa199b83940d1dfeee1ba56973c65ba4273500b368d1fba1109,unknown,2
53,ghcr.io/converged-computing/metric-quicksilver-cpu,ghcr.io/converged-computing/metric-quicksilver-cpu:zen4,32,{},unknown,sha256:4f4fb700ef54461cfa02571ae0db9a0dc1e0cdb5577484a6d75e68dc38e8acc1,unknown,2
54,ghcr.io/converged-computing/metric-quicksilver-cpu,ghcr.io/converged-computing/metric-quicksilver-cpu:zen4,3738767,{},unknown,sha256:523cbae07ab979313fe0341d926bc53e3adc7faff0340926a100011074e93f70,unknown,2
55,ghcr.io/converged-computing/metric-osu-cpu,ghcr.io/converged-computing/metric-osu-cpu:zen4,30439866,{},unknown,sha256:9b857f539cb142c9aa2201a17bb8e1cd5cf12edd4a65adf5732fe9f4343964cf,unknown,2
56,ghcr.io/converged-computing/metric-osu-cpu,ghcr.io/converged-computing/metric-osu-cpu:zen4,183284920,{},unknown,sha256:95a092ea8938db7729849304b60d98287aa6d3a28cd8144076922768419c9e3d,unknown,2
57,ghcr.io/converged-computing/metric-osu-cpu,ghcr.io/converged-computing/metric-osu-cpu:zen4,129858404,{},unknown,sha256:e8081507e9ee9e6ed8309c389855b80804a53df0f11d5c398336a739fffdcf4d,unknown,2
58,ghcr.io/converged-computing/metric-osu-cpu,ghcr.io/converged-computing/metric-osu-cpu:zen4,55517828,{},unknown,sha256:dceea02ba2fcf86c1fcb65fa979f7f6803bce48bb6a6da480902e1b0bf49ebc5,unknown,2
59,ghcr.io/converged-computing/metric-osu-cpu,ghcr.io/converged-computing/metric-osu-cpu:zen4,29483910,{},unknown,sha256:ca850bcd26f19c921f3de967874d93f9bce86ee377361868f578f810505c2837,unknown,2
60,ghcr.io/converged-computing/metric-osu-cpu,ghcr.io/converged-computing/metric-osu-cpu:zen4,18091250,{},unknown,sha256:9724542825ebd75991ca5bda727e385c980a76b90f993869a5758bc1a661ec15,unknown,2
61,ghcr.io/converged-computing/metric-osu-cpu,ghcr.io/converged-computing/metric-osu-cpu:zen4,865749,{},unknown,sha256:01fce0fdee101dd9891da45c5bba20166aa3c5603dc2d50309395dd72ce9965c,unknown,2
62,ghcr.io/converged-computing/metric-osu-cpu,ghcr.io/converged-computing/metric-osu-cpu:zen4,615472,{},unknown,sha256:fc76be393226c0238cbc122408b45b4fbff5cabf17d369d8f0be9d3396f30d31,unknown,2
63,ghcr.io/converged-computing/metric-osu-cpu,ghcr.io/converged-computing/metric-osu-cpu:zen4,112,{},unknown,sha256:286e2e7eb7bf8eede8a9d744b09267442d17bf93b8a57f7c34bbe6724973e40e,unknown,2
64,ghcr.io/converged-computing/metric-osu-cpu,ghcr.io/converged-computing/metric-osu-cpu:zen4,1920507,{},unknown,sha256:6d34600ecb03b0fb05a2230614d226821a915ca26db9f94f200c8b78feccec80,unknown,2
65,ghcr.io/converged-computing/metric-osu-cpu,ghcr.io/converged-computing/metric-osu-cpu:zen4,32,{},unknown,sha256:4f4fb700ef54461cfa02571ae0db9a0dc1e0cdb5577484a6d75e68dc38e8acc1,unknown,2
66,ghcr.io/converged-computing/metric-osu-cpu,ghcr.io/converged-computing/metric-osu-cpu:zen4,339030,{},unknown,sha256:d05441776846837e8a7a0cfa312ed16c563dc1bc0e6bfb0d953f9c22661ad15a,unknown,2
67,ghcr.io/converged-computing/metric-osu-cpu,ghcr.io/converged-computing/metric-osu-cpu:zen4,1276,{},unknown,sha256:113b6a270881e7340ab04ab9eca18c1733e258cfcc0a3a35443f365466474716,unknown,2
68,ghcr.io/converged-computing/metric-osu-cpu,ghcr.io/converged-computing/metric-osu-cpu:zen4,97764593,{},unknown,sha256:29d120eac74001475a89d6a4503379c6995ab1619a899af38ceb7226162151df,unknown,2
69,ghcr.io/converged-computing/metric-osu-cpu,ghcr.io/converged-computing/metric-osu-cpu:zen4,37807546,{},unknown,sha256:ad6099fb8303524f19a12317ac0f2f26062d3c78a7a197b9c656cd6807a6807e,unknown,2
70,ghcr.io/converged-computing/metric-osu-cpu,ghcr.io/converged-computing/metric-osu-cpu:zen4,22336572,{},unknown,sha256:c2f3679a139fff8c42e476b78d6507f93ab5c28757bddf2e78b1e25cb4b4ea1a,unknown,2
71,ghcr.io/converged-computing/metric-osu-cpu,ghcr.io/converged-computing/metric-osu-cpu:zen4,92648800,{},unknown,sha256:79ee6d9f2394ebfd1edd1bb857c84140e54dae9da355ade9e2894e6257c32a5f,unknown,2
72,ghcr.io/converged-computing/metric-osu-cpu,ghcr.io/converged-computing/metric-osu-cpu:zen4,119074957,{},unknown,sha256:9718581ee9eb86704dc9eec1c2307c91f547da2300b3a51aa118fc7e3253c989,unknown,2
73,ghcr.io/converged-computing/metric-osu-cpu,ghcr.io/converged-computing/metric-osu-cpu:zen4,14030477,{},unknown,sha256:95f6de7966202940d7e1955b52f2ab0910df4e703bd1a8b4d8cf5eb436fb04e6,unknown,2
74,ghcr.io/converged-computing/metric-osu-cpu,ghcr.io/converged-computing/metric-osu-cpu:zen4,32,{},unknown,sha256:4f4fb700ef54461cfa02571ae0db9a0dc1e0cdb5577484a6d75e68dc38e8acc1,unknown,2
75,ghcr.io/converged-computing/metric-osu-cpu,ghcr.io/converged-computing/metric-osu-cpu:zen4,61689193,{},unknown,sha256:31d1c51af66fca08b49f7f6ffaa44c6c1ceecd7751d621e1d259b1ea585764cc,unknown,2
76,ghcr.io/converged-computing/metric-osu-cpu,ghcr.io/converged-computing/metric-osu-cpu:zen4,47053579,{},unknown,sha256:fa4fa860238bd3c87d7e5f32b49de9e9598d0c6c86cbef058f434ce0b105142e,unknown,2
77,ghcr.io/converged-computing/metric-osu-cpu,ghcr.io/converged-computing/metric-osu-cpu:zen4,366122922,{},unknown,sha256:78f55337fcb43c37127d4c9b04dd600ab6d2a90c52670689ed27706121963c09,unknown,2
78,ghcr.io/converged-computing/metric-osu-cpu,ghcr.io/converged-computing/metric-osu-cpu:zen4,3738657,{},unknown,sha256:9da1a0bbf3b60d456f94fb2e722cf82f7f8cf8e877df2703580e8d99427fc5d6,unknown,2
79,ghcr.io/converged-computing/metric-amg2023,ghcr.io/converged-computing/metric-amg2023:spack-slim,30439778,{},unknown,sha256:7021d1b70935851c95c45ed18156980b5024eda29b99564429025ea04f5ec109,unknown,2
80,ghcr.io/converged-computing/metric-amg2023,ghcr.io/converged-computing/metric-amg2023:spack-slim,4623694,{},unknown,sha256:0d6448aff88945ea46a37cfe4330bdb0ada228268b80da6258a0fec63086f404,unknown,2
81,ghcr.io/converged-computing/metric-amg2023,ghcr.io/converged-computing/metric-amg2023:spack-slim,57593640,{},unknown,sha256:0a7674e3e8fe69dcd7f1424fa29aa033b32c42269aab46cbe9818f8dd7154754,unknown,2
82,ghcr.io/converged-computing/metric-amg2023,ghcr.io/converged-computing/metric-amg2023:spack-slim,185,{},unknown,sha256:b71b637b97c5efb435b9965058ad414f07afa99d320cf05e89f10441ec1becf4,unknown,2
83,ghcr.io/converged-computing/metric-amg2023,ghcr.io/converged-computing/metric-amg2023:spack-slim,6886,{},unknown,sha256:56dc8550293751a1604e97ac949cfae82ba20cb2a28e034737bafd7382559609,unknown,2
84,ghcr.io/converged-computing/metric-amg2023,ghcr.io/converged-computing/metric-amg2023:spack-slim,1374295401,{},unknown,sha256:ec6d5f6c9ed94d2ee2eeaf048d90242af638325f57696909f1737b3158d838cf,unknown,2
85,ghcr.io/converged-computing/metric-amg2023,ghcr.io/converged-computing/metric-amg2023:spack-slim,64047,{},unknown,sha256:47b8539d532f561cac6d7fb8ee2f46c902b66e4a60b103d19701829742a0d11e,unknown,2
86,ghcr.io/converged-computing/metric-amg2023,ghcr.io/converged-computing/metric-amg2023:spack-slim,1684,{},unknown,sha256:fd9cc1ad8dee47ca559003714d462f4eb79cb6315a2708927c240b84d022b55f,unknown,2
87,ghcr.io/converged-computing/metric-amg2023,ghcr.io/converged-computing/metric-amg2023:spack-slim,1523,{},unknown,sha256:83525caeeb359731f869f1ee87a32acdfdd5efb8af4cab06d8f4fdcf1f317daa,unknown,2
88,ghcr.io/converged-computing/metric-amg2023,ghcr.io/converged-computing/metric-amg2023:spack-slim,2646171659,{},unknown,sha256:8e79813a7b9d5784bb880ca2909887465549de5183411b24f6de72fab0802bcd,unknown,2
89,ghcr.io/converged-computing/metric-amg2023,ghcr.io/converged-computing/metric-amg2023:spack-slim,88858,{},unknown,sha256:312a542960e3345001fc709156a5139ff8a1d8cc21a51a50f83e87ec2982f579,unknown,2
90,ghcr.io/converged-computing/metric-amg2023,ghcr.io/converged-computing/metric-amg2023:spack-slim,670177340,{},unknown,sha256:ae033ce9621d2cceaef2769ead17429ae8b29f098fb0350bdd4e0f55a36996db,unknown,2
91,ghcr.io/converged-computing/metric-amg2023,ghcr.io/converged-computing/metric-amg2023:spack-slim,4951960896,{},unknown,sha256:3e51ec3ca79bb946ab494260d98dd4bf3831da1aa5a9bdb42f5a5f8e2d1490af,unknown,2
92,ghcr.io/converged-computing/metric-amg2023,ghcr.io/converged-computing/metric-amg2023:spack-slim,4192773789,{},unknown,sha256:fa1d72965a832d2cb4557265ca007c0133e30b0a200a49598cbcaebc7319bff2,unknown,2
93,ghcr.io/converged-computing/metric-amg2023,ghcr.io/converged-computing/metric-amg2023:spack-slim,1869778,{},unknown,sha256:2d0972b82909a7210cbe6a27667b46b88931dbf11f03f58165acdff1e4292fec,unknown,2
94,ghcr.io/converged-computing/metric-amg2023,ghcr.io/converged-computing/metric-amg2023:spack-slim,744,{},unknown,sha256:be778ac450713db0d9f2bfce035ca775efe4abdfd7a8186cd4d18ae9eec75ccb,unknown,2
95,ghcr.io/converged-computing/metric-amg2023,ghcr.io/converged-computing/metric-amg2023:spack-slim,36621396,{},unknown,sha256:ef5db8888e3fca2703b704645b6a3643252a25049fbf37751137021050d057ff,unknown,2
96,ghcr.io/converged-computing/metric-amg2023,ghcr.io/converged-computing/metric-amg2023:spack-slim,20307893,{},unknown,sha256:e433b7042e3a6cd09175869766840e30d6e5537af7b86c620920d4cce6cdab94,unknown,2
97,ghcr.io/converged-computing/metric-amg2023,ghcr.io/converged-computing/metric-amg2023:spack-slim,36893599,{},unknown,sha256:eea35b868f82815d19ba3a74e2c1df9361e9266788f7a3531a6dcd411aefb004,unknown,2
98,ghcr.io/converged-computing/metric-amg2023,ghcr.io/converged-computing/metric-amg2023:spack-slim,832,{},unknown,sha256:3da3c23cb224ce906a9aabb0725a99cb5e4c804b289f47c449bf9cab34025760,unknown,2
99,ghcr.io/converged-computing/metric-amg2023,ghcr.io/converged-computing/metric-amg2023:spack-slim,38588984,{},unknown,sha256:7cc2bd3d4f3991a785112fad6778c2a62aa8495c4a2e80a02477d2d9fa772bb8,unknown,2
100,ghcr.io/converged-computing/metric-amg2023,ghcr.io/converged-computing/metric-amg2023:spack-slim,3738644,{},unknown,sha256:38548fb755886e13235aa172750ee9e4d4ea5cc7a74b2c1ed4d8b3f9eb76676b,unknown,2
101,ghcr.io/converged-computing/mt-gemm,ghcr.io/converged-computing/mt-gemm:cpu-zen4,30440714,{},unknown,sha256:762bedf4b1b784c3de6c5022c5307d63123d3b7cdd59211317e37e9d477deaa0,unknown,2
102,ghcr.io/converged-computing/mt-gemm,ghcr.io/converged-computing/mt-gemm:cpu-zen4,183285689,{},unknown,sha256:432e46436e6e1cd4641f67380c757c328fed02a98a1dac3aa378c862d6c6f58a,unknown,2
103,ghcr.io/converged-computing/mt-gemm,ghcr.io/converged-computing/mt-gemm:cpu-zen4,129858439,{},unknown,sha256:4f08f860c591cbb68b82c41ce72a3864d92d66b1081830674f79b9aba226da66,unknown,2
104,ghcr.io/converged-computing/mt-gemm,ghcr.io/converged-computing/mt-gemm:cpu-zen4,55514883,{},unknown,sha256:050e338eb70fd818060af9eb1329f10663b4c8c708b2891177d717a62033f45f,unknown,2
105,ghcr.io/converged-computing/mt-gemm,ghcr.io/converged-computing/mt-gemm:cpu-zen4,28794287,{},unknown,sha256:95b9856adba6d6dc611fa7f85d8e2efbc12f744cc6b4b674fa2898a9d75e24fa,unknown,2
106,ghcr.io/converged-computing/mt-gemm,ghcr.io/converged-computing/mt-gemm:cpu-zen4,18090987,{},unknown,sha256:5103da66b421b5791586847c9c64ee8dd24cbb5523e94c85372a348bb35c9aa6,unknown,2
107,ghcr.io/converged-computing/mt-gemm,ghcr.io/converged-computing/mt-gemm:cpu-zen4,865751,{},unknown,sha256:f218fcdaac14fb244e50fef85cf45a85cd2fafc5a82d2fae501b464283840972,unknown,2
108,ghcr.io/converged-computing/mt-gemm,ghcr.io/converged-computing/mt-gemm:cpu-zen4,615836,{},unknown,sha256:8848a60f7a54b97371f88546f712ee1e719570e5475d9b94fb38bc570debba31,unknown,2
109,ghcr.io/converged-computing/mt-gemm,ghcr.io/converged-computing/mt-gemm:cpu-zen4,113,{},unknown,sha256:2b0806cbeb43cc1f1b1f695c9fd70b7f541ed0fedecc889b8793f25f555215d0,unknown,2
110,ghcr.io/converged-computing/mt-gemm,ghcr.io/converged-computing/mt-gemm:cpu-zen4,1920472,{},unknown,sha256:e82bb25ad26a7837575b747d696d1ec6bba1a9c5b6df680366f3816099d97658,unknown,2
111,ghcr.io/converged-computing/mt-gemm,ghcr.io/converged-computing/mt-gemm:cpu-zen4,32,{},unknown,sha256:4f4fb700ef54461cfa02571ae0db9a0dc1e0cdb5577484a6d75e68dc38e8acc1,unknown,2
112,ghcr.io/converged-computing/mt-gemm,ghcr.io/converged-computing/mt-gemm:cpu-zen4,339018,{},unknown,sha256:374276724be4f397c9f24aba9c87701aecfa1a72c2452b8187fb303a950233f9,unknown,2
113,ghcr.io/converged-computing/mt-gemm,ghcr.io/converged-computing/mt-gemm:cpu-zen4,1276,{},unknown,sha256:5f0c6b5f131bad1fd2d4894d94270354095ac11de8a4dcabfdc89ada995173a2,unknown,2
114,ghcr.io/converged-computing/mt-gemm,ghcr.io/converged-computing/mt-gemm:cpu-zen4,97764879,{},unknown,sha256:35e416c84e09d9bbe9b863166912a348e2a62fb96789126e59fe11c01d80b396,unknown,2
115,ghcr.io/converged-computing/mt-gemm,ghcr.io/converged-computing/mt-gemm:cpu-zen4,37860680,{},unknown,sha256:472e43d2c7708cda5318334f6e49e0fd075d24c17fc827f77ed89d539ed684ce,unknown,2
116,ghcr.io/converged-computing/mt-gemm,ghcr.io/converged-computing/mt-gemm:cpu-zen4,22336025,{},unknown,sha256:5f342462d9954d87e381c35df5f49e3f1fd098573bb0ffa7c8b769d7828c7a74,unknown,2
117,ghcr.io/converged-computing/mt-gemm,ghcr.io/converged-computing/mt-gemm:cpu-zen4,92648821,{},unknown,sha256:8b8eca10c10aa9871f50079d3f1d9f8334310337d337cb7ba5d7c7f9a0e7369f,unknown,2
118,ghcr.io/converged-computing/mt-gemm,ghcr.io/converged-computing/mt-gemm:cpu-zen4,119074519,{},unknown,sha256:c27f8c624e585813ea63633f6062de8127eefeb07752f689906061d079219cf5,unknown,2
119,ghcr.io/converged-computing/mt-gemm,ghcr.io/converged-computing/mt-gemm:cpu-zen4,14030283,{},unknown,sha256:4ad285367c1ba77cb78e624fcbd7740d4d24a8cb29a66b3cadf43e0b0433d631,unknown,2
120,ghcr.io/converged-computing/mt-gemm,ghcr.io/converged-computing/mt-gemm:cpu-zen4,32,{},unknown,sha256:4f4fb700ef54461cfa02571ae0db9a0dc1e0cdb5577484a6d75e68dc38e8acc1,unknown,2
121,ghcr.io/converged-computing/mt-gemm,ghcr.io/converged-computing/mt-gemm:cpu-zen4,61687865,{},unknown,sha256:410cef6cc91b6cc03b1a01e19a09f83d208b37cda24cbd2f5e15f2eb79c76e15,unknown,2
122,ghcr.io/converged-computing/mt-gemm,ghcr.io/converged-computing/mt-gemm:cpu-zen4,76118487,{},unknown,sha256:320f918bc7eb83f94fa368c8936d6b6df0343ba97150fb626ce3446faf570301,unknown,2
123,ghcr.io/converged-computing/mt-gemm,ghcr.io/converged-computing/mt-gemm:cpu-zen4,1134,{},unknown,sha256:77f9fb78dbd63a6abdb47d254fbda63faa37b208bc8f46c33d02e39e93db1ea3,unknown,2
124,ghcr.io/converged-computing/mt-gemm,ghcr.io/converged-computing/mt-gemm:cpu-zen4,47480,{},unknown,sha256:fcac60ef70cf7c834936b58cbd1b545b715068c43ac63eb92cfc10e3863e47b8,unknown,2
125,ghcr.io/converged-computing/mt-gemm,ghcr.io/converged-computing/mt-gemm:cpu-zen4,3738657,{},unknown,sha256:145045630baeae2dd3696996ab56056e4842c26dc0123153cc5d7f758352781b,unknown,2
126,ghcr.io/converged-computing/mt-gemm,ghcr.io/converged-computing/mt-gemm:cpu-zen4,32,{},unknown,sha256:4f4fb700ef54461cfa02571ae0db9a0dc1e0cdb5577484a6d75e68dc38e8acc1,unknown,2
127,ghcr.io/converged-computing/metric-laghos,ghcr.io/converged-computing/metric-laghos:cpu-zen4,30439866,{},unknown,sha256:9b857f539cb142c9aa2201a17bb8e1cd5cf12edd4a65adf5732fe9f4343964cf,unknown,2
128,ghcr.io/converged-computing/metric-laghos,ghcr.io/converged-computing/metric-laghos:cpu-zen4,183284920,{},unknown,sha256:95a092ea8938db7729849304b60d98287aa6d3a28cd8144076922768419c9e3d,unknown,2
129,ghcr.io/converged-computing/metric-laghos,ghcr.io/converged-computing/metric-laghos:cpu-zen4,129858404,{},unknown,sha256:e8081507e9ee9e6ed8309c389855b80804a53df0f11d5c398336a739fffdcf4d,unknown,2
130,ghcr.io/converged-computing/metric-laghos,ghcr.io/converged-computing/metric-laghos:cpu-zen4,55517828,{},unknown,sha256:dceea02ba2fcf86c1fcb65fa979f7f6803bce48bb6a6da480902e1b0bf49ebc5,unknown,2
131,ghcr.io/converged-computing/metric-laghos,ghcr.io/converged-computing/metric-laghos:cpu-zen4,29483910,{},unknown,sha256:ca850bcd26f19c921f3de967874d93f9bce86ee377361868f578f810505c2837,unknown,2
132,ghcr.io/converged-computing/metric-laghos,ghcr.io/converged-computing/metric-laghos:cpu-zen4,18091250,{},unknown,sha256:9724542825ebd75991ca5bda727e385c980a76b90f993869a5758bc1a661ec15,unknown,2
133,ghcr.io/converged-computing/metric-laghos,ghcr.io/converged-computing/metric-laghos:cpu-zen4,865749,{},unknown,sha256:01fce0fdee101dd9891da45c5bba20166aa3c5603dc2d50309395dd72ce9965c,unknown,2
134,ghcr.io/converged-computing/metric-laghos,ghcr.io/converged-computing/metric-laghos:cpu-zen4,615472,{},unknown,sha256:fc76be393226c0238cbc122408b45b4fbff5cabf17d369d8f0be9d3396f30d31,unknown,2
135,ghcr.io/converged-computing/metric-laghos,ghcr.io/converged-computing/metric-laghos:cpu-zen4,112,{},unknown,sha256:286e2e7eb7bf8eede8a9d744b09267442d17bf93b8a57f7c34bbe6724973e40e,unknown,2
136,ghcr.io/converged-computing/metric-laghos,ghcr.io/converged-computing/metric-laghos:cpu-zen4,1920507,{},unknown,sha256:6d34600ecb03b0fb05a2230614d226821a915ca26db9f94f200c8b78feccec80,unknown,2
137,ghcr.io/converged-computing/metric-laghos,ghcr.io/converged-computing/metric-laghos:cpu-zen4,32,{},unknown,sha256:4f4fb700ef54461cfa02571ae0db9a0dc1e0cdb5577484a6d75e68dc38e8acc1,unknown,2
138,ghcr.io/converged-computing/metric-laghos,ghcr.io/converged-computing/metric-laghos:cpu-zen4,339030,{},unknown,sha256:d05441776846837e8a7a0cfa312ed16c563dc1bc0e6bfb0d953f9c22661ad15a,unknown,2
139,ghcr.io/converged-computing/metric-laghos,ghcr.io/converged-computing/metric-laghos:cpu-zen4,1276,{},unknown,sha256:113b6a270881e7340ab04ab9eca18c1733e258cfcc0a3a35443f365466474716,unknown,2
140,ghcr.io/converged-computing/metric-laghos,ghcr.io/converged-computing/metric-laghos:cpu-zen4,97764593,{},unknown,sha256:29d120eac74001475a89d6a4503379c6995ab1619a899af38ceb7226162151df,unknown,2
141,ghcr.io/converged-computing/metric-laghos,ghcr.io/converged-computing/metric-laghos:cpu-zen4,37807546,{},unknown,sha256:ad6099fb8303524f19a12317ac0f2f26062d3c78a7a197b9c656cd6807a6807e,unknown,2
142,ghcr.io/converged-computing/metric-laghos,ghcr.io/converged-computing/metric-laghos:cpu-zen4,22336572,{},unknown,sha256:c2f3679a139fff8c42e476b78d6507f93ab5c28757bddf2e78b1e25cb4b4ea1a,unknown,2
143,ghcr.io/converged-computing/metric-laghos,ghcr.io/converged-computing/metric-laghos:cpu-zen4,92648800,{},unknown,sha256:79ee6d9f2394ebfd1edd1bb857c84140e54dae9da355ade9e2894e6257c32a5f,unknown,2
144,ghcr.io/converged-computing/metric-laghos,ghcr.io/converged-computing/metric-laghos:cpu-zen4,119074957,{},unknown,sha256:9718581ee9eb86704dc9eec1c2307c91f547da2300b3a51aa118fc7e3253c989,unknown,2
145,ghcr.io/converged-computing/metric-laghos,ghcr.io/converged-computing/metric-laghos:cpu-zen4,14030477,{},unknown,sha256:95f6de7966202940d7e1955b52f2ab0910df4e703bd1a8b4d8cf5eb436fb04e6,unknown,2
146,ghcr.io/converged-computing/metric-laghos,ghcr.io/converged-computing/metric-laghos:cpu-zen4,32,{},unknown,sha256:4f4fb700ef54461cfa02571ae0db9a0dc1e0cdb5577484a6d75e68dc38e8acc1,unknown,2
147,ghcr.io/converged-computing/metric-laghos,ghcr.io/converged-computing/metric-laghos:cpu-zen4,61689193,{},unknown,sha256:31d1c51af66fca08b49f7f6ffaa44c6c1ceecd7751d621e1d259b1ea585764cc,unknown,2
148,ghcr.io/converged-computing/metric-laghos,ghcr.io/converged-computing/metric-laghos:cpu-zen4,32,{},unknown,sha256:4f4fb700ef54461cfa02571ae0db9a0dc1e0cdb5577484a6d75e68dc38e8acc1,unknown,2
149,ghcr.io/converged-computing/metric-laghos,ghcr.io/converged-computing/metric-laghos:cpu-zen4,21735406,{},unknown,sha256:51454387ee5420dc16939dfbc2e96dddf8bac330d4c3da6e9640e77eda9ee4c5,unknown,2
150,ghcr.io/converged-computing/metric-laghos,ghcr.io/converged-computing/metric-laghos:cpu-zen4,1377070,{},unknown,sha256:6d54158d4ac3a90e2ea860bd2b287a027ddc6cc8d84d2f6d1ab6488457bbe8cc,unknown,2
151,ghcr.io/converged-computing/metric-laghos,ghcr.io/converged-computing/metric-laghos:cpu-zen4,26377365,{},unknown,sha256:08a7ac3a4410a4ec5ce9515f9a8e971ac6fb60aaeab39fdd7bd64dfb0644df2d,unknown,2
152,ghcr.io/converged-computing/metric-laghos,ghcr.io/converged-computing/metric-laghos:cpu-zen4,32,{},unknown,sha256:4f4fb700ef54461cfa02571ae0db9a0dc1e0cdb5577484a6d75e68dc38e8acc1,unknown,2
153,ghcr.io/converged-computing/metric-laghos,ghcr.io/converged-computing/metric-laghos:cpu-zen4,7582516,{},unknown,sha256:de8f018c8b92386611368e3540623d45ece939e995df0ebe42c593cdea3312e7,unknown,2
154,ghcr.io/converged-computing/metric-laghos,ghcr.io/converged-computing/metric-laghos:cpu-zen4,3738653,{},unknown,sha256:2795e3b495e163ea70f02a9e08e29285516d9bd8da0d72dac9e6762d98b0b29f,unknown,2
155,ghcr.io/converged-computing/metric-mixbench,ghcr.io/converged-computing/metric-mixbench:cpu,30439649,{},unknown,sha256:4a023cab5400feb5c1ab725beb8345ddb0e3200314004b56677a5eee2e8c86cf,unknown,2
156,ghcr.io/converged-computing/metric-mixbench,ghcr.io/converged-computing/metric-mixbench:cpu,183321477,{},unknown,sha256:3d5c5b82a2e2a78542baf7907326f61e1de6ebdb84a7c28d0747b4d9c0300d9e,unknown,2
157,ghcr.io/converged-computing/metric-mixbench,ghcr.io/converged-computing/metric-mixbench:cpu,129858453,{},unknown,sha256:c2ddb6674673fe58bf0b533feb46975ffd34cd06a6de401a750f568c7423fc5c,unknown,2
158,ghcr.io/converged-computing/metric-mixbench,ghcr.io/converged-computing/metric-mixbench:cpu,48564062,{},unknown,sha256:ca836546dcb51a62a0b398f2e281c44f242ca7caf1f8466e7e0fda1a0698cb34,unknown,2
159,ghcr.io/converged-computing/metric-mixbench,ghcr.io/converged-computing/metric-mixbench:cpu,28794782,{},unknown,sha256:690091077fe43fc9d1e39c248a6887ecacbaf4a57db658b55ba5a5131872a2e2,unknown,2
160,ghcr.io/converged-computing/metric-mixbench,ghcr.io/converged-computing/metric-mixbench:cpu,18091160,{},unknown,sha256:f6dcf319d18c7629c5d68a003f701f67d00a337876fff713c00098e3bda04b46,unknown,2
161,ghcr.io/converged-computing/metric-mixbench,ghcr.io/converged-computing/metric-mixbench:cpu,865751,{},unknown,sha256:16d0c4619c99a4faa5b51531b78d5c4fc2caa69ae0ac7f35b8f72de063b7ba06,unknown,2
162,ghcr.io/converged-computing/metric-mixbench,ghcr.io/converged-computing/metric-mixbench:cpu,602908,{},unknown,sha256:22c1a17164987d6b70a7e0b5d21fd3c57c7fd860d480ccd47e1561de5dfef5b4,unknown,2
163,ghcr.io/converged-computing/metric-mixbench,ghcr.io/converged-computing/metric-mixbench:cpu,112,{},unknown,sha256:402b8434ea751ba666a7fd787a305ffaf5ec45a006bc11a1b032c4fee643988c,unknown,2
164,ghcr.io/converged-computing/metric-mixbench,ghcr.io/converged-computing/metric-mixbench:cpu,1920523,{},unknown,sha256:a9b06f9ee8a0bff9f6c811bd506e3f58602eb13ef642a71f7189cbf056ba6a1c,unknown,2
165,ghcr.io/converged-computing/metric-mixbench,ghcr.io/converged-computing/metric-mixbench:cpu,32,{},unknown,sha256:4f4fb700ef54461cfa02571ae0db9a0dc1e0cdb5577484a6d75e68dc38e8acc1,unknown,2
166,ghcr.io/converged-computing/metric-mixbench,ghcr.io/converged-computing/metric-mixbench:cpu,339027,{},unknown,sha256:d23304b79d84676ebcae079f96289605ace877f0491737c58feece64744e9a87,unknown,2
167,ghcr.io/converged-computing/metric-mixbench,ghcr.io/converged-computing/metric-mixbench:cpu,1279,{},unknown,sha256:0812a2fbd4fa5a12e591e4b82db43796b79c85bab6b55dceaebf62e4ada4ca01,unknown,2
168,ghcr.io/converged-computing/metric-mixbench,ghcr.io/converged-computing/metric-mixbench:cpu,98897865,{},unknown,sha256:6e51c7c55f5740fddb24344189cecad794952b6f0d1f80526636006e0efa04e2,unknown,2
169,ghcr.io/converged-computing/metric-mixbench,ghcr.io/converged-computing/metric-mixbench:cpu,35987051,{},unknown,sha256:cad792c08ac365aad530703a92f8123dd7e48e62f08d58ca314bd63a5ba2fcf8,unknown,2
170,ghcr.io/converged-computing/metric-mixbench,ghcr.io/converged-computing/metric-mixbench:cpu,22336324,{},unknown,sha256:4b33553ddeef6c506718e4122b61208694f418fa1a9f076e08722d1cedb1f7fd,unknown,2
171,ghcr.io/converged-computing/metric-mixbench,ghcr.io/converged-computing/metric-mixbench:cpu,92648832,{},unknown,sha256:9d6954522e9a2bc29a9d26b2cc3af045491fd0227f722f35199dcfb0f3000979,unknown,2
172,ghcr.io/converged-computing/metric-mixbench,ghcr.io/converged-computing/metric-mixbench:cpu,119073787,{},unknown,sha256:81113f9e12378b884c6657e71f4fcae0cf0f8df71d3b961fc96367c321830810,unknown,2
173,ghcr.io/converged-computing/metric-mixbench,ghcr.io/converged-computing/metric-mixbench:cpu,14004092,{},unknown,sha256:528422c813cf5950b694b916a41f67cbd667a2f757754659cc1d660bf83de0e8,unknown,2
174,ghcr.io/converged-computing/metric-mixbench,ghcr.io/converged-computing/metric-mixbench:cpu,32,{},unknown,sha256:4f4fb700ef54461cfa02571ae0db9a0dc1e0cdb5577484a6d75e68dc38e8acc1,unknown,2
175,ghcr.io/converged-computing/metric-mixbench,ghcr.io/converged-computing/metric-mixbench:cpu,61688474,{},unknown,sha256:1429d06d5f45b2c0149b9eddf5088a560e97b893fd33b323cfee94b17ac20d5d,unknown,2
176,ghcr.io/converged-computing/metric-mixbench,ghcr.io/converged-computing/metric-mixbench:cpu,32,{},unknown,sha256:4f4fb700ef54461cfa02571ae0db9a0dc1e0cdb5577484a6d75e68dc38e8acc1,unknown,2
177,ghcr.io/converged-computing/metric-mixbench,ghcr.io/converged-computing/metric-mixbench:cpu,451861,{},unknown,sha256:676197cf77367262421e908b3a1a4ab254c028025fe47164273b144153abc333,unknown,2
178,ghcr.io/converged-computing/metric-mixbench,ghcr.io/converged-computing/metric-mixbench:cpu,1398074,{},unknown,sha256:c0fcdd9db0b79c55346b5fa8cb05a342f236a1e7ea675cd67db3201614dd6f10,unknown,2
179,ghcr.io/converged-computing/metric-mixbench,ghcr.io/converged-computing/metric-mixbench:cpu,32,{},unknown,sha256:4f4fb700ef54461cfa02571ae0db9a0dc1e0cdb5577484a6d75e68dc38e8acc1,unknown,2
180,ghcr.io/converged-computing/metric-mixbench,ghcr.io/converged-computing/metric-mixbench:cpu,3738721,{},unknown,sha256:237e02c2ed33189900f6796261eab43f165ec77c64dd605e8e6c8003f5c220f3,unknown,2
181,ghcr.io/converged-computing/metric-kripke-cpu,ghcr.io/converged-computing/metric-kripke-cpu:zen4,30439866,{},unknown,sha256:9b857f539cb142c9aa2201a17bb8e1cd5cf12edd4a65adf5732fe9f4343964cf,unknown,2
182,ghcr.io/converged-computing/metric-kripke-cpu,ghcr.io/converged-computing/metric-kripke-cpu:zen4,183284920,{},unknown,sha256:95a092ea8938db7729849304b60d98287aa6d3a28cd8144076922768419c9e3d,unknown,2
183,ghcr.io/converged-computing/metric-kripke-cpu,ghcr.io/converged-computing/metric-kripke-cpu:zen4,129858404,{},unknown,sha256:e8081507e9ee9e6ed8309c389855b80804a53df0f11d5c398336a739fffdcf4d,unknown,2
184,ghcr.io/converged-computing/metric-kripke-cpu,ghcr.io/converged-computing/metric-kripke-cpu:zen4,55517828,{},unknown,sha256:dceea02ba2fcf86c1fcb65fa979f7f6803bce48bb6a6da480902e1b0bf49ebc5,unknown,2
185,ghcr.io/converged-computing/metric-kripke-cpu,ghcr.io/converged-computing/metric-kripke-cpu:zen4,29483910,{},unknown,sha256:ca850bcd26f19c921f3de967874d93f9bce86ee377361868f578f810505c2837,unknown,2
186,ghcr.io/converged-computing/metric-kripke-cpu,ghcr.io/converged-computing/metric-kripke-cpu:zen4,18091250,{},unknown,sha256:9724542825ebd75991ca5bda727e385c980a76b90f993869a5758bc1a661ec15,unknown,2
187,ghcr.io/converged-computing/metric-kripke-cpu,ghcr.io/converged-computing/metric-kripke-cpu:zen4,865749,{},unknown,sha256:01fce0fdee101dd9891da45c5bba20166aa3c5603dc2d50309395dd72ce9965c,unknown,2
188,ghcr.io/converged-computing/metric-kripke-cpu,ghcr.io/converged-computing/metric-kripke-cpu:zen4,615472,{},unknown,sha256:fc76be393226c0238cbc122408b45b4fbff5cabf17d369d8f0be9d3396f30d31,unknown,2
189,ghcr.io/converged-computing/metric-kripke-cpu,ghcr.io/converged-computing/metric-kripke-cpu:zen4,112,{},unknown,sha256:286e2e7eb7bf8eede8a9d744b09267442d17bf93b8a57f7c34bbe6724973e40e,unknown,2
190,ghcr.io/converged-computing/metric-kripke-cpu,ghcr.io/converged-computing/metric-kripke-cpu:zen4,1920507,{},unknown,sha256:6d34600ecb03b0fb05a2230614d226821a915ca26db9f94f200c8b78feccec80,unknown,2
191,ghcr.io/converged-computing/metric-kripke-cpu,ghcr.io/converged-computing/metric-kripke-cpu:zen4,32,{},unknown,sha256:4f4fb700ef54461cfa02571ae0db9a0dc1e0cdb5577484a6d75e68dc38e8acc1,unknown,2
192,ghcr.io/converged-computing/metric-kripke-cpu,ghcr.io/converged-computing/metric-kripke-cpu:zen4,339030,{},unknown,sha256:d05441776846837e8a7a0cfa312ed16c563dc1bc0e6bfb0d953f9c22661ad15a,unknown,2
193,ghcr.io/converged-computing/metric-kripke-cpu,ghcr.io/converged-computing/metric-kripke-cpu:zen4,1276,{},unknown,sha256:113b6a270881e7340ab04ab9eca18c1733e258cfcc0a3a35443f365466474716,unknown,2
194,ghcr.io/converged-computing/metric-kripke-cpu,ghcr.io/converged-computing/metric-kripke-cpu:zen4,97764593,{},unknown,sha256:29d120eac74001475a89d6a4503379c6995ab1619a899af38ceb7226162151df,unknown,2
195,ghcr.io/converged-computing/metric-kripke-cpu,ghcr.io/converged-computing/metric-kripke-cpu:zen4,37807546,{},unknown,sha256:ad6099fb8303524f19a12317ac0f2f26062d3c78a7a197b9c656cd6807a6807e,unknown,2
196,ghcr.io/converged-computing/metric-kripke-cpu,ghcr.io/converged-computing/metric-kripke-cpu:zen4,22336572,{},unknown,sha256:c2f3679a139fff8c42e476b78d6507f93ab5c28757bddf2e78b1e25cb4b4ea1a,unknown,2
197,ghcr.io/converged-computing/metric-kripke-cpu,ghcr.io/converged-computing/metric-kripke-cpu:zen4,92648800,{},unknown,sha256:79ee6d9f2394ebfd1edd1bb857c84140e54dae9da355ade9e2894e6257c32a5f,unknown,2
198,ghcr.io/converged-computing/metric-kripke-cpu,ghcr.io/converged-computing/metric-kripke-cpu:zen4,119074957,{},unknown,sha256:9718581ee9eb86704dc9eec1c2307c91f547da2300b3a51aa118fc7e3253c989,unknown,2
199,ghcr.io/converged-computing/metric-kripke-cpu,ghcr.io/converged-computing/metric-kripke-cpu:zen4,14030477,{},unknown,sha256:95f6de7966202940d7e1955b52f2ab0910df4e703bd1a8b4d8cf5eb436fb04e6,unknown,2
200,ghcr.io/converged-computing/metric-kripke-cpu,ghcr.io/converged-computing/metric-kripke-cpu:zen4,32,{},unknown,sha256:4f4fb700ef54461cfa02571ae0db9a0dc1e0cdb5577484a6d75e68dc38e8acc1,unknown,2
201,ghcr.io/converged-computing/metric-kripke-cpu,ghcr.io/converged-computing/metric-kripke-cpu:zen4,61673554,{},unknown,sha256:dfc1234c7f1657a8b8aa47b1dcdcdb92791a504ba33b97230c640dfe4e55c9e5,unknown,2
202,ghcr.io/converged-computing/metric-kripke-cpu,ghcr.io/converged-computing/metric-kripke-cpu:zen4,12055260,{},unknown,sha256:19f6ea277eef0003eb4ff6d9998ec036f85b8a0ce5f35b33f7cb9dc6caa94c74,unknown,2
203,ghcr.io/converged-computing/metric-kripke-cpu,ghcr.io/converged-computing/metric-kripke-cpu:zen4,32,{},unknown,sha256:4f4fb700ef54461cfa02571ae0db9a0dc1e0cdb5577484a6d75e68dc38e8acc1,unknown,2
204,ghcr.io/converged-computing/metric-kripke-cpu,ghcr.io/converged-computing/metric-kripke-cpu:zen4,497,{},unknown,sha256:6e093167e21385f9b9671390c0d90ee2f902ad151e615cc42771ed6c0bf607e8,unknown,2
205,ghcr.io/converged-computing/metric-kripke-cpu,ghcr.io/converged-computing/metric-kripke-cpu:zen4,790933,{},unknown,sha256:a63e22df1698e9396c230880ba01b871198a668b92b07560fee18ad871c8857f,unknown,2
206,ghcr.io/converged-computing/metric-kripke-cpu,ghcr.io/converged-computing/metric-kripke-cpu:zen4,3738661,{},unknown,sha256:dde9991e4d5f9e425769cecac4fce628c134610bed9a6eb024476c6ada896841,unknown,2
207,ghcr.io/converged-computing/metric-stream,ghcr.io/converged-computing/metric-stream:cpu-zen4,30439866,{},unknown,sha256:9b857f539cb142c9aa2201a17bb8e1cd5cf12edd4a65adf5732fe9f4343964cf,unknown,2
208,ghcr.io/converged-computing/metric-stream,ghcr.io/converged-computing/metric-stream:cpu-zen4,183284920,{},unknown,sha256:95a092ea8938db7729849304b60d98287aa6d3a28cd8144076922768419c9e3d,unknown,2
209,ghcr.io/converged-computing/metric-stream,ghcr.io/converged-computing/metric-stream:cpu-zen4,129858404,{},unknown,sha256:e8081507e9ee9e6ed8309c389855b80804a53df0f11d5c398336a739fffdcf4d,unknown,2
210,ghcr.io/converged-computing/metric-stream,ghcr.io/converged-computing/metric-stream:cpu-zen4,55517828,{},unknown,sha256:dceea02ba2fcf86c1fcb65fa979f7f6803bce48bb6a6da480902e1b0bf49ebc5,unknown,2
211,ghcr.io/converged-computing/metric-stream,ghcr.io/converged-computing/metric-stream:cpu-zen4,29483910,{},unknown,sha256:ca850bcd26f19c921f3de967874d93f9bce86ee377361868f578f810505c2837,unknown,2
212,ghcr.io/converged-computing/metric-stream,ghcr.io/converged-computing/metric-stream:cpu-zen4,18091250,{},unknown,sha256:9724542825ebd75991ca5bda727e385c980a76b90f993869a5758bc1a661ec15,unknown,2
213,ghcr.io/converged-computing/metric-stream,ghcr.io/converged-computing/metric-stream:cpu-zen4,865749,{},unknown,sha256:01fce0fdee101dd9891da45c5bba20166aa3c5603dc2d50309395dd72ce9965c,unknown,2
214,ghcr.io/converged-computing/metric-stream,ghcr.io/converged-computing/metric-stream:cpu-zen4,615472,{},unknown,sha256:fc76be393226c0238cbc122408b45b4fbff5cabf17d369d8f0be9d3396f30d31,unknown,2
215,ghcr.io/converged-computing/metric-stream,ghcr.io/converged-computing/metric-stream:cpu-zen4,112,{},unknown,sha256:286e2e7eb7bf8eede8a9d744b09267442d17bf93b8a57f7c34bbe6724973e40e,unknown,2
216,ghcr.io/converged-computing/metric-stream,ghcr.io/converged-computing/metric-stream:cpu-zen4,1920507,{},unknown,sha256:6d34600ecb03b0fb05a2230614d226821a915ca26db9f94f200c8b78feccec80,unknown,2
217,ghcr.io/converged-computing/metric-stream,ghcr.io/converged-computing/metric-stream:cpu-zen4,32,{},unknown,sha256:4f4fb700ef54461cfa02571ae0db9a0dc1e0cdb5577484a6d75e68dc38e8acc1,unknown,2
218,ghcr.io/converged-computing/metric-stream,ghcr.io/converged-computing/metric-stream:cpu-zen4,339030,{},unknown,sha256:d05441776846837e8a7a0cfa312ed16c563dc1bc0e6bfb0d953f9c22661ad15a,unknown,2
219,ghcr.io/converged-computing/metric-stream,ghcr.io/converged-computing/metric-stream:cpu-zen4,1276,{},unknown,sha256:113b6a270881e7340ab04ab9eca18c1733e258cfcc0a3a35443f365466474716,unknown,2
220,ghcr.io/converged-computing/metric-stream,ghcr.io/converged-computing/metric-stream:cpu-zen4,97764593,{},unknown,sha256:29d120eac74001475a89d6a4503379c6995ab1619a899af38ceb7226162151df,unknown,2
221,ghcr.io/converged-computing/metric-stream,ghcr.io/converged-computing/metric-stream:cpu-zen4,37807546,{},unknown,sha256:ad6099fb8303524f19a12317ac0f2f26062d3c78a7a197b9c656cd6807a6807e,unknown,2
222,ghcr.io/converged-computing/metric-stream,ghcr.io/converged-computing/metric-stream:cpu-zen4,22336572,{},unknown,sha256:c2f3679a139fff8c42e476b78d6507f93ab5c28757bddf2e78b1e25cb4b4ea1a,unknown,2
223,ghcr.io/converged-computing/metric-stream,ghcr.io/converged-computing/metric-stream:cpu-zen4,92648800,{},unknown,sha256:79ee6d9f2394ebfd1edd1bb857c84140e54dae9da355ade9e2894e6257c32a5f,unknown,2
224,ghcr.io/converged-computing/metric-stream,ghcr.io/converged-computing/metric-stream:cpu-zen4,119074957,{},unknown,sha256:9718581ee9eb86704dc9eec1c2307c91f547da2300b3a51aa118fc7e3253c989,unknown,2
225,ghcr.io/converged-computing/metric-stream,ghcr.io/converged-computing/metric-stream:cpu-zen4,14030477,{},unknown,sha256:95f6de7966202940d7e1955b52f2ab0910df4e703bd1a8b4d8cf5eb436fb04e6,unknown,2
226,ghcr.io/converged-computing/metric-stream,ghcr.io/converged-computing/metric-stream:cpu-zen4,32,{},unknown,sha256:4f4fb700ef54461cfa02571ae0db9a0dc1e0cdb5577484a6d75e68dc38e8acc1,unknown,2
227,ghcr.io/converged-computing/metric-stream,ghcr.io/converged-computing/metric-stream:cpu-zen4,61689193,{},unknown,sha256:31d1c51af66fca08b49f7f6ffaa44c6c1ceecd7751d621e1d259b1ea585764cc,unknown,2
228,ghcr.io/converged-computing/metric-stream,ghcr.io/converged-computing/metric-stream:cpu-zen4,115,{},unknown,sha256:bf3e1fdd84a3000b113a238b4e63498928bd0dd00e5824df9ee85e21bc4fcdcb,unknown,2
229,ghcr.io/converged-computing/metric-stream,ghcr.io/converged-computing/metric-stream:cpu-zen4,10477,{},unknown,sha256:2d305b8658c98c140920128579f62505b9c59f5778554cda2df414b9d234fe4d,unknown,2
230,ghcr.io/converged-computing/metric-stream,ghcr.io/converged-computing/metric-stream:cpu-zen4,16631900,{},unknown,sha256:7d709b5c53769d08f4c3692c2641be178e859c921a46cff770d21390e8f25fab,unknown,2
231,ghcr.io/converged-computing/metric-stream,ghcr.io/converged-computing/metric-stream:cpu-zen4,3738715,{},unknown,sha256:bc4ecbc4f4433e3681e4346fc9ce720fa1ee6f83a3fa1032272ce89ccf5140e6,unknown,2
232,ghcr.io/converged-computing/metric-lammps-cpu,ghcr.io/converged-computing/metric-lammps-cpu:zen4,30439866,{},unknown,sha256:9b857f539cb142c9aa2201a17bb8e1cd5cf12edd4a65adf5732fe9f4343964cf,unknown,2
233,ghcr.io/converged-computing/metric-lammps-cpu,ghcr.io/converged-computing/metric-lammps-cpu:zen4,183284920,{},unknown,sha256:95a092ea8938db7729849304b60d98287aa6d3a28cd8144076922768419c9e3d,unknown,2
234,ghcr.io/converged-computing/metric-lammps-cpu,ghcr.io/converged-computing/metric-lammps-cpu:zen4,129858404,{},unknown,sha256:e8081507e9ee9e6ed8309c389855b80804a53df0f11d5c398336a739fffdcf4d,unknown,2
235,ghcr.io/converged-computing/metric-lammps-cpu,ghcr.io/converged-computing/metric-lammps-cpu:zen4,55517828,{},unknown,sha256:dceea02ba2fcf86c1fcb65fa979f7f6803bce48bb6a6da480902e1b0bf49ebc5,unknown,2
236,ghcr.io/converged-computing/metric-lammps-cpu,ghcr.io/converged-computing/metric-lammps-cpu:zen4,29483910,{},unknown,sha256:ca850bcd26f19c921f3de967874d93f9bce86ee377361868f578f810505c2837,unknown,2
237,ghcr.io/converged-computing/metric-lammps-cpu,ghcr.io/converged-computing/metric-lammps-cpu:zen4,18091250,{},unknown,sha256:9724542825ebd75991ca5bda727e385c980a76b90f993869a5758bc1a661ec15,unknown,2
238,ghcr.io/converged-computing/metric-lammps-cpu,ghcr.io/converged-computing/metric-lammps-cpu:zen4,865749,{},unknown,sha256:01fce0fdee101dd9891da45c5bba20166aa3c5603dc2d50309395dd72ce9965c,unknown,2
239,ghcr.io/converged-computing/metric-lammps-cpu,ghcr.io/converged-computing/metric-lammps-cpu:zen4,615472,{},unknown,sha256:fc76be393226c0238cbc122408b45b4fbff5cabf17d369d8f0be9d3396f30d31,unknown,2
240,ghcr.io/converged-computing/metric-lammps-cpu,ghcr.io/converged-computing/metric-lammps-cpu:zen4,112,{},unknown,sha256:286e2e7eb7bf8eede8a9d744b09267442d17bf93b8a57f7c34bbe6724973e40e,unknown,2
241,ghcr.io/converged-computing/metric-lammps-cpu,ghcr.io/converged-computing/metric-lammps-cpu:zen4,1920507,{},unknown,sha256:6d34600ecb03b0fb05a2230614d226821a915ca26db9f94f200c8b78feccec80,unknown,2
242,ghcr.io/converged-computing/metric-lammps-cpu,ghcr.io/converged-computing/metric-lammps-cpu:zen4,32,{},unknown,sha256:4f4fb700ef54461cfa02571ae0db9a0dc1e0cdb5577484a6d75e68dc38e8acc1,unknown,2
243,ghcr.io/converged-computing/metric-lammps-cpu,ghcr.io/converged-computing/metric-lammps-cpu:zen4,339030,{},unknown,sha256:d05441776846837e8a7a0cfa312ed16c563dc1bc0e6bfb0d953f9c22661ad15a,unknown,2
244,ghcr.io/converged-computing/metric-lammps-cpu,ghcr.io/converged-computing/metric-lammps-cpu:zen4,1276,{},unknown,sha256:113b6a270881e7340ab04ab9eca18c1733e258cfcc0a3a35443f365466474716,unknown,2
245,ghcr.io/converged-computing/metric-lammps-cpu,ghcr.io/converged-computing/metric-lammps-cpu:zen4,97764593,{},unknown,sha256:29d120eac74001475a89d6a4503379c6995ab1619a899af38ceb7226162151df,unknown,2
246,ghcr.io/converged-computing/metric-lammps-cpu,ghcr.io/converged-computing/metric-lammps-cpu:zen4,37807546,{},unknown,sha256:ad6099fb8303524f19a12317ac0f2f26062d3c78a7a197b9c656cd6807a6807e,unknown,2
247,ghcr.io/converged-computing/metric-lammps-cpu,ghcr.io/converged-computing/metric-lammps-cpu:zen4,22336572,{},unknown,sha256:c2f3679a139fff8c42e476b78d6507f93ab5c28757bddf2e78b1e25cb4b4ea1a,unknown,2
248,ghcr.io/converged-computing/metric-lammps-cpu,ghcr.io/converged-computing/metric-lammps-cpu:zen4,92648800,{},unknown,sha256:79ee6d9f2394ebfd1edd1bb857c84140e54dae9da355ade9e2894e6257c32a5f,unknown,2
249,ghcr.io/converged-computing/metric-lammps-cpu,ghcr.io/converged-computing/metric-lammps-cpu:zen4,119074957,{},unknown,sha256:9718581ee9eb86704dc9eec1c2307c91f547da2300b3a51aa118fc7e3253c989,unknown,2
250,ghcr.io/converged-computing/metric-lammps-cpu,ghcr.io/converged-computing/metric-lammps-cpu:zen4,14030477,{},unknown,sha256:95f6de7966202940d7e1955b52f2ab0910df4e703bd1a8b4d8cf5eb436fb04e6,unknown,2
251,ghcr.io/converged-computing/metric-lammps-cpu,ghcr.io/converged-computing/metric-lammps-cpu:zen4,32,{},unknown,sha256:4f4fb700ef54461cfa02571ae0db9a0dc1e0cdb5577484a6d75e68dc38e8acc1,unknown,2
252,ghcr.io/converged-computing/metric-lammps-cpu,ghcr.io/converged-computing/metric-lammps-cpu:zen4,61689193,{},unknown,sha256:31d1c51af66fca08b49f7f6ffaa44c6c1ceecd7751d621e1d259b1ea585764cc,unknown,2
253,ghcr.io/converged-computing/metric-lammps-cpu,ghcr.io/converged-computing/metric-lammps-cpu:zen4,32,{},unknown,sha256:4f4fb700ef54461cfa02571ae0db9a0dc1e0cdb5577484a6d75e68dc38e8acc1,unknown,2
254,ghcr.io/converged-computing/metric-lammps-cpu,ghcr.io/converged-computing/metric-lammps-cpu:zen4,323748906,{},unknown,sha256:bae6f9c9e5085e48b3619528b011e84d68296ce0c1412d1ccc02d23251538bcd,unknown,2
255,ghcr.io/converged-computing/metric-lammps-cpu,ghcr.io/converged-computing/metric-lammps-cpu:zen4,94,{},unknown,sha256:6b0048cc169d198fdbb4113a1f8d36dd2140d72e3ef5719da336378cc2f526db,unknown,2
256,ghcr.io/converged-computing/metric-lammps-cpu,ghcr.io/converged-computing/metric-lammps-cpu:zen4,3904,{},unknown,sha256:1f5e36f5a1bda39175c0730ac44ad00cb42aa3f0e425e70943bed38a82450ae2,unknown,2
257,ghcr.io/converged-computing/metric-lammps-cpu,ghcr.io/converged-computing/metric-lammps-cpu:zen4,3738665,{},unknown,sha256:fa9cdd4d13453d4fe46fd1f4c35e398d03995a33f13670833e2577420ff73fd6,unknown,2
